id,name,birthday,mobile_phone,temporarily_number,address,detail_address,password,category,job_id,session_limit,session_key,pw_checked
AD00,유연아,1982-06-17,010-0881-1878,010-4780-6926,Campolieto,"Ap #546-6709 Venenatis Rd. 6677",0ffe1abd1a08215353c233d6e009613e95eec4253832a761af28ff37ac5a150c,Admin,0,"2019-11-27 16:08:13",54369E9914637DAF25EF4C1D81D0E458,1
AD01,민정환,1972-12-15,010-4797-0493,02-116-1703,Bhiwani,"Ap #326-2076 Quam Rd. 5490",866869,Admin,0,"2019-10-28 19:15:28",none,1
AD02,김성호,1983-10-26,010-4312-8865,02-302-0116,Oswestry,"101-3832 Sed Ave 3249",253191,Admin,0,"2019-10-28 19:15:28",none,1
AD03,하대욱,1974-05-15,010-0383-6576,010-6200-8084,Vanderhoof,"Ap #548-9955 Tristique St. 7012",162146,Admin,0,"2019-10-28 19:15:28",none,1
AD04,고유진,1973-03-06,010-3821-9281,02-502-5187,Langley,"964-7435 Elit Avenue 5113",814879,Admin,0,"2019-10-28 19:15:28",none,1
CH01,지은경,1979-04-26,010-2976-8581,010-6740-7017,Coquitlam,"3646 Dictum St. 7204",0ffe1abd1a08215353c233d6e009613e95eec4253832a761af28ff37ac5a150c,Chat,1,"2019-11-28 09:50:42",BD4A2F16A33B50ED1F0986E578C2AA3A,1
TA00,김태윤,1988-01-21,010-7423-2336,010-2471-8474,Kerkhove,"Ap #714-657 Justo Avenue 3006",955148,Teacher,2,"2019-10-28 19:15:28",none,1
TA01,한준혁,1975-05-15,010-1512-8032,010-8318-8030,Gonars,"9049 Mattis. Rd. 6616",0ffe1abd1a08215353c233d6e009613e95eec4253832a761af28ff37ac5a150c,Teacher,2,"2019-11-19 20:26:51",none,1
TA02,김동희,1971-09-05,010-6187-8209,02-410-8185,Dollard-des-Ormeaux,"Ap #914-2761 Montes, Ave 7260",0ffe1abd1a08215353c233d6e009613e95eec4253832a761af28ff37ac5a150c,Teacher,2,"2019-11-21 10:25:23",BEFEFC29A7320D90FA1491F3BC274716,1
TA03,현소진,1981-08-13,010-7776-7578,02-614-4105,Verona,"713-4422 Nunc Rd. 8041",0ffe1abd1a08215353c233d6e009613e95eec4253832a761af28ff37ac5a150c,Teacher,2,"2019-11-20 10:04:11",F0D6E04C86FFB84F54EA6610B50D5AED,1
TA04,조승표,1971-02-05,010-3024-9397,02-787-0489,Moircy,"1243 Magna. Ave 8791",742971,Teacher,2,"2019-11-20 10:04:49",F0D6E04C86FFB84F54EA6610B50D5AED,1
TA05,허지훈,1981-08-23,010-7755-7578,02-614-4105,Verona,"713-4422 Nunc Rd. 8041",820323,Teacher,2,"2019-10-28 19:15:28",none,1
TA06,명재환,1971-02-15,010-3024-9399,02-787-0489,Moircy,"1243 Magna. Ave 8791",742971,Teacher,2,"2019-10-28 19:15:28",none,1
TA07,인예원,1971-02-05,010-3024-9397,02-787-0489,Moircy,"1243 Magna. Ave 8791",742971,Teacher,2,"2019-10-28 19:15:28",none,1
TA08,국우진,1981-08-23,010-7755-7578,02-614-4105,Verona,"713-4422 Nunc Rd. 8041",820323,Teacher,2,"2019-10-28 19:15:28",none,1
TA09,문미영,1971-02-15,010-3024-9399,02-787-0489,Moircy,"1243 Magna. Ave 8791",742971,Teacher,2,"2019-10-28 19:15:28",none,1
